Pkt-Cnt,rx_time,port,millis,UTC,Alt,Lng,Lat,VBAT,VSOLAR,V3V3,V5V,V3V3EF,EPS,TS,T,H,PAY,Ax,Ay,Az,Gx,Gy,Gz,Sat,raw
,2025-09-21T00:48:04Z,COM6,,,,,,,,,,,,,,,,,,,,,,,"Package=491,"
,2025-09-21T00:48:05Z,COM6,,UTC=8:47:57,,120.29252,23.106535,,,,,,,,,,,,,,,,,,"Package=492,UTC=8:47:57,Lat=23.106535,Lng=120.29252"
,2025-09-21T00:48:13Z,COM6,,UTC=8:48:5,29.,120.292383,23.106575,,,,,,,,,,,,,,,,,,"Package=500,UTC=8:48:5,Lat=23.106575,Lng=120.292383,Alt=29."
,2025-09-21T00:48:21Z,COM6,,UTC=8:48:11,26.90,120.292412,23.106580,,,,,,,,,,,-996,,,,,,,"Package=508,UTC=8:48:11,Lat=23.106580,Lng=120.292412,Alt=26.90,Ax=-996"
,2025-09-21T00:48:29Z,COM6,,UTC=8:48:21,26.80,120.292557,23.106540,,,,,,,,,,,-996.50,-4,,,,,,"Package=516,UTC=8:48:21,Lat=23.106540,Lng=120.292557,Alt=26.80,Ax=-996.50,Ay=-4"
,2025-09-21T00:48:37Z,COM6,,UTC=8:48:28,23.90,120.292587,23.106517,,,,,,,,,,,-996.50,-4.64,-,,,,,"Package=524,UTC=8:48:28,Lat=23.106517,Lng=120.292587,Alt=23.90,Ax=-996.50,Ay=-4.64,Az=-"
,2025-09-21T00:48:45Z,COM6,,UTC=8:48:36,25.00,120.292587,23.106497,,,,,,,,,,,-996.37,-4.51,-14.40,70.0,,,,"Package=532,UTC=8:48:36,Lat=23.106497,Lng=120.292587,Alt=25.00,Ax=-996.37,Ay=-4.51,Az=-14.40,Gx=70.0"
,2025-09-21T00:48:53Z,COM6,,UTC=8:48:45,31.60,120.292557,23.106537,,,,,,,,,,,-996.50,-4.76,-14.15,52.50,-560.0,,,"Package=540,UTC=8:48:45,Lat=23.106537,Lng=120.292557,Alt=31.60,Ax=-996.50,Ay=-4.76,Az=-14.15,Gx=52.50,Gy=-560.0"
,2025-09-21T00:49:01Z,COM6,,UTC=NO_TIME,N/A,N/A,N/A,8.340,0.138,3.339,5.000,3.348,0,0.107,,61,SAT=0,-970.39,166.90,108.34,15592.50,822.50,2345.00T=38,,"Package=2,UTC=NO_TIME,Lat=N/A,Lng=N/A,Alt=N/A,Ax=-970.39,Ay=166.90,Az=108.34,Gx=15592.50,Gy=822.50,Gz=2345.00T=38,H=61,SAT=0,VBAT=8.340,VSOLAR=0.138,V3V3=3.339,V5V=5.000,V3V3EF=3.348,TS=0.107,EPS=0"
,2025-09-21T00:49:03Z,COM6,,UTC=8:48:58,N/A,N/A,N/A,8.330,0.109,3.344,5.000,3.352,,0.111,,61,SAT=0,-962.58,196.05,174.22,10885.00,-17675.00,-137T=38,,"Package=3,UTC=8:48:58,Lat=N/A,Lng=N/A,Alt=N/A,Ax=-962.58,Ay=196.05,Az=174.22,Gx=10885.00,Gy=-17675.00,Gz=-137T=38,H=61,SAT=0,VBAT=8.330,VSOLAR=0.109,V3V3=3.344,V5V=5.000,V3V3EF=3.352,TS=0.111,EP"
,2025-09-21T00:49:04Z,COM6,,UTC=8:48:59,N/A,N/A,N/A,8.351,0.195,3.349,5.000,3.354,,0.128,,61,SAT=0,-1009.92,107.97,209.35,-39830.00,21840.00,780T=38,,"Package=4,UTC=8:48:59,Lat=N/A,Lng=N/A,Alt=N/A,Ax=-1009.92,Ay=107.97,Az=209.35,Gx=-39830.00,Gy=21840.00,Gz=780T=38,H=61,SAT=0,VBAT=8.351,VSOLAR=0.195,V3V3=3.349,V5V=5.000,V3V3EF=3.354,TS=0.128"
,2025-09-21T00:49:05Z,COM6,,UTC=8:49:0,N/A,N/A,N/A,8.344,0.128,3.348,5.000,3.354,,0.1,,61,SAT=0,-973.32,113.46,55.02,-6475.00,-3972.50,1172.5T=39,,"Package=5,UTC=8:49:0,Lat=N/A,Lng=N/A,Alt=N/A,Ax=-973.32,Ay=113.46,Az=55.02,Gx=-6475.00,Gy=-3972.50,Gz=1172.5T=39,H=61,SAT=0,VBAT=8.344,VSOLAR=0.128,V3V3=3.348,V5V=5.000,V3V3EF=3.354,TS=0.1"
,2025-09-21T00:49:06Z,COM6,,UTC=8:49:1,N/A,N/A,N/A,8.345,0.173,3.350,5.000,3.353,,0,,61,SAT=0,-999.30,38.19,160.31,-5547.50,6877.50,-9205.0T=38,,"Package=6,UTC=8:49:1,Lat=N/A,Lng=N/A,Alt=N/A,Ax=-999.30,Ay=38.19,Az=160.31,Gx=-5547.50,Gy=6877.50,Gz=-9205.0T=38,H=61,SAT=0,VBAT=8.345,VSOLAR=0.173,V3V3=3.350,V5V=5.000,V3V3EF=3.353,TS=0"
,2025-09-21T00:49:07Z,COM6,,UTC=8:49:2,N/A,N/A,N/A,8.333,0.163,3.350,5.000,3.353,,,,61,SAT=0,-1003.94,-35.87,53.07,-3045.00,8575.00,-13615T=38,,"Package=7,UTC=8:49:2,Lat=N/A,Lng=N/A,Alt=N/A,Ax=-1003.94,Ay=-35.87,Az=53.07,Gx=-3045.00,Gy=8575.00,Gz=-13615T=38,H=61,SAT=0,VBAT=8.333,VSOLAR=0.163,V3V3=3.350,V5V=5.000,V3V3EF=3.353,TS"
,2025-09-21T00:49:08Z,COM6,,UTC=8:49:3,N/A,N/A,N/A,8.331,0.092,3.353,5.000,3.352,,,,61,SAT=0,-970.27,-143.11,-165.80,962.50,-717.50,-13020T=38,,"Package=8,UTC=8:49:3,Lat=N/A,Lng=N/A,Alt=N/A,Ax=-970.27,Ay=-143.11,Az=-165.80,Gx=962.50,Gy=-717.50,Gz=-13020T=38,H=61,SAT=0,VBAT=8.331,VSOLAR=0.092,V3V3=3.353,V5V=5.000,V3V3EF=3.352,"
,2025-09-21T00:49:09Z,COM6,,UTC=8:49:4,N/A,N/A,N/A,8.268,0.207,3.354,5.000,3.35,,,,61,SAT=0,-966.48,-306.95,-106.63,25235.00,30520.00,-79T=38,,"Package=9,UTC=8:49:4,Lat=N/A,Lng=N/A,Alt=N/A,Ax=-966.48,Ay=-306.95,Az=-106.63,Gx=25235.00,Gy=30520.00,Gz=-79T=38,H=61,SAT=0,VBAT=8.268,VSOLAR=0.207,V3V3=3.354,V5V=5.000,V3V3EF=3.35"
,2025-09-21T00:49:11Z,COM6,,UTC=8:49:5,N/A,N/A,N/A,8.289,0.246,3.354,5.000,3,,,,61,SAT=0,-864.00,-523.50,-153.72,-7682.50,-8662.50,-12T=38,,"Package=10,UTC=8:49:5,Lat=N/A,Lng=N/A,Alt=N/A,Ax=-864.00,Ay=-523.50,Az=-153.72,Gx=-7682.50,Gy=-8662.50,Gz=-12T=38,H=61,SAT=0,VBAT=8.289,VSOLAR=0.246,V3V3=3.354,V5V=5.000,V3V3EF=3"
,2025-09-21T00:49:12Z,COM6,,UTC=8:49:6,N/A,N/A,N/A,8.281,0.301,3.355,5.000,,,,,61,SAT=0,-746.27,-680.03,-53.44,-4147.50,-11882.50,-13T=38,,"Package=11,UTC=8:49:6,Lat=N/A,Lng=N/A,Alt=N/A,Ax=-746.27,Ay=-680.03,Az=-53.44,Gx=-4147.50,Gy=-11882.50,Gz=-13T=38,H=61,SAT=0,VBAT=8.281,VSOLAR=0.301,V3V3=3.355,V5V=5.000,V3V3E"
,2025-09-21T00:49:13Z,COM6,,UTC=8:49:7,N/A,N/A,N/A,8.264,0.222,3.353,5.000,,,,,61,SAT=0,-764.70,-679.42,-134.93,-3745.00,-10430.00,-3T=38,,"Package=12,UTC=8:49:7,Lat=N/A,Lng=N/A,Alt=N/A,Ax=-764.70,Ay=-679.42,Az=-134.93,Gx=-3745.00,Gy=-10430.00,Gz=-3T=38,H=61,SAT=0,VBAT=8.264,VSOLAR=0.222,V3V3=3.353,V5V=5.000,V3"
,2025-09-21T00:49:14Z,COM6,,UTC=8:49:7,N/A,N/A,N/A,8.263,0.210,3.354,5.000,,,,,61,SAT=0,-790.93,-620.74,-148.84,7262.50,5127.50,4270.T=38,,"Package=13,UTC=8:49:7,Lat=N/A,Lng=N/A,Alt=N/A,Ax=-790.93,Ay=-620.74,Az=-148.84,Gx=7262.50,Gy=5127.50,Gz=4270.T=38,H=61,SAT=0,VBAT=8.263,VSOLAR=0.210,V3V3=3.354,V5V=5.000"
,2025-09-21T00:49:15Z,COM6,,UTC=8:49:7,N/A,N/A,N/A,8.272,0.183,3.353,5.,,,,,61,SAT=0,-782.87,-618.54,-127.49,8627.50,385.00,-245.0T=38,,"Package=14,UTC=8:49:7,Lat=N/A,Lng=N/A,Alt=N/A,Ax=-782.87,Ay=-618.54,Az=-127.49,Gx=8627.50,Gy=385.00,Gz=-245.0T=38,H=61,SAT=0,VBAT=8.272,VSOLAR=0.183,V3V3=3.353,V5V=5."
,2025-09-21T00:49:16Z,COM6,,UTC=8:49:11,-7.50,120.292575,23.106542,8.273,0.27,,,,,,,61,SAT=6,-743.71,-664.53,-72.83,-7490.00,-10482.50,301T=38,,"Package=15,UTC=8:49:11,Lat=23.106542,Lng=120.292575,Alt=-7.50,Ax=-743.71,Ay=-664.53,Az=-72.83,Gx=-7490.00,Gy=-10482.50,Gz=301T=38,H=61,SAT=6,VBAT=8.273,VSOLAR=0.27"
,2025-09-21T00:49:17Z,COM6,,UTC=8:49:12,13.10,120.292612,23.106372,,,,,,,,,61,SAT=7,-805.44,-633.06,-56.36,-23555.00,-22330.00,-6T=38,,"Package=16,UTC=8:49:12,Lat=23.106372,Lng=120.292612,Alt=13.10,Ax=-805.44,Ay=-633.06,Az=-56.36,Gx=-23555.00,Gy=-22330.00,Gz=-6T=38,H=61,SAT=7,VBA"
,2025-09-21T00:49:19Z,COM6,,UTC=8:49:13,19.30,120.292603,23.106342,,,,,,,,,,,-789.46,-654.04,0.61,10202.50,35.00,-17.50,,"Package=17,UTC=8:49:13,Lat=23.106342,Lng=120.292603,Alt=19.30,Ax=-789.46,Ay=-654.04,Az=0.61,Gx=10202.50,Gy=35.00,Gz=-17.50,T="
,2025-09-21T00:49:20Z,COM6,,UTC=8:49:14,21.70,120.292585,23.106345,,,,,,,,,,,-789.95,-622.69,-46.12,3290.00,,,,"Package=18,UTC=8:49:14,Lat=23.106345,Lng=120.292585,Alt=21.70,Ax=-789.95,Ay=-622.69,Az=-46.12,Gx=3290.00,Gy="
,2025-09-21T00:49:21Z,COM6,,UTC=8:49:15,20.50,120.292570,23.106390,,,,,,,,,,,-804.71,-635.74,-3,,,,,"Package=19,UTC=8:49:15,Lat=23.106390,Lng=120.292570,Alt=20.50,Ax=-804.71,Ay=-635.74,Az=-3"
,2025-09-21T00:49:22Z,COM6,,UTC=8:49:16,21.10,120.292580,23.106412,,,,,,,,,,,-825.,,,,,,,"Package=20,UTC=8:49:16,Lat=23.106412,Lng=120.292580,Alt=21.10,Ax=-825."
,2025-09-21T00:49:23Z,COM6,,UTC=8:49:17,,120.292585,23.106455,,,,,,,,,,,,,,,,,,"Package=21,UTC=8:49:17,Lat=23.106455,Lng=120.292585"
,2025-09-21T00:49:24Z,COM6,,UTC=8:49:18,,,23.10,,,,,,,,,,,,,,,,,,"Package=22,UTC=8:49:18,Lat=23.10"
,2025-09-21T00:49:25Z,COM6,,UT,,,,,,,,,,,,,,,,,,,,,"Package=23,UT"
,2025-09-21T00:49:28Z,COM6,,UTC=8:49:20,12.50,120.292572,23.106502,8.250,0.259,3.350,5.000,3,,,,61,SAT=7,-803.13,-582.31,-77.35,-15645.00,1767.50,7507T=38,,"Package=24,UTC=8:49:20,Lat=23.106502,Lng=120.292572,Alt=12.50,Ax=-803.13,Ay=-582.31,Az=-77.35,Gx=-15645.00,Gy=1767.50,Gz=7507T=38,H=61,SAT=7,VBAT=8.250,VSOLAR=0.259,V3V3=3.350,V5V=5.000,V3V3EF=3"
,2025-09-21T00:49:29Z,COM6,,UTC=8:49:21,13.20,120.292558,23.106517,8.276,0.256,3.346,,,,,,61,SAT=7,-872.30,-508.01,-86.99,7280.00,-1750.00,1925.T=38,,"Package=25,UTC=8:49:21,Lat=23.106517,Lng=120.292558,Alt=13.20,Ax=-872.30,Ay=-508.01,Az=-86.99,Gx=7280.00,Gy=-1750.00,Gz=1925.T=38,H=61,SAT=7,VBAT=8.276,VSOLAR=0.256,V3V3=3.346"
,2025-09-21T00:49:37Z,COM6,,UTC=8:49:29,2,120.292597,23.106532,,,,,,,,,,,,,,,,,,"Package=33,UTC=8:49:29,Lat=23.106532,Lng=120.292597,Alt=2"
,2025-09-21T00:49:45Z,COM6,,UTC=8:49:37,15.30,120.292635,23.106540,,,,,,,,,,,-8,,,,,,,"Package=41,UTC=8:49:37,Lat=23.106540,Lng=120.292635,Alt=15.30,Ax=-8"
,2025-09-21T00:49:53Z,COM6,,UTC=8:49:45,6.50,120.292577,23.106578,,,,,,,,,,,-906.70,-36,,,,,,"Package=49,UTC=8:49:45,Lat=23.106578,Lng=120.292577,Alt=6.50,Ax=-906.70,Ay=-36"
,2025-09-21T00:49:58Z,COM6,,UTC=NO_TIME,N/A,N/A,N/A,8.152,0.377,3.358,5.000,3.352,0.304,0.306,37,61,SAT=0,-995.03,-5.25,-42.33,17.50,-647.50,-17.50,,"Package=2,UTC=NO_TIME,Lat=N/A,Lng=N/A,Alt=N/A,Ax=-995.03,Ay=-5.25,Az=-42.33,Gx=17.50,Gy=-647.50,Gz=-17.50,T=37,H=61,SAT=0,VBAT=8.152,VSOLAR=0.377,V3V3=3.358,V5V=5.000,V3V3EF=3.352,TS=0.306,EPS=0.304"
,2025-09-21T00:50:00Z,COM6,,UTC=NO_TIME,N/A,N/A,N/A,8.153,0.335,3.360,5.000,3.355,0.303,0.298,37,61,SAT=0,-995.03,-5.12,-42.21,35.00,-542.50,17.50,,"Package=3,UTC=NO_TIME,Lat=N/A,Lng=N/A,Alt=N/A,Ax=-995.03,Ay=-5.12,Az=-42.21,Gx=35.00,Gy=-542.50,Gz=17.50,T=37,H=61,SAT=0,VBAT=8.153,VSOLAR=0.335,V3V3=3.360,V5V=5.000,V3V3EF=3.355,TS=0.298,EPS=0.303"
,2025-09-21T00:50:01Z,COM6,,UTC=31:59:43,N/A,N/A,N/A,8.181,0.358,3.353,5.000,3.353,0.275,0.316,37,61,SAT=0,-995.15,-5.00,-41.85,70.00,-630.00,-35.00,,"Package=4,UTC=31:59:43,Lat=N/A,Lng=N/A,Alt=N/A,Ax=-995.15,Ay=-5.00,Az=-41.85,Gx=70.00,Gy=-630.00,Gz=-35.00,T=37,H=61,SAT=0,VBAT=8.181,VSOLAR=0.358,V3V3=3.353,V5V=5.000,V3V3EF=3.353,TS=0.316,EPS=0.275"
,2025-09-21T00:50:02Z,COM6,,UTC=31:59:44,N/A,N/A,N/A,8.154,0.345,3.352,5.000,3.358,0.302,0.299,37,61,SAT=0,-995.03,-4.88,-41.48,17.50,-472.50,17.50,,"Package=5,UTC=31:59:44,Lat=N/A,Lng=N/A,Alt=N/A,Ax=-995.03,Ay=-4.88,Az=-41.48,Gx=17.50,Gy=-472.50,Gz=17.50,T=37,H=61,SAT=0,VBAT=8.154,VSOLAR=0.345,V3V3=3.352,V5V=5.000,V3V3EF=3.358,TS=0.299,EPS=0.302"
,2025-09-21T00:50:03Z,COM6,,UTC=31:59:45,N/A,N/A,N/A,8.152,0.337,3.352,5.000,3.358,0.304,0.295,37,61,SAT=0,-995.28,-5.00,-41.24,70.00,-560.00,0.00,,"Package=6,UTC=31:59:45,Lat=N/A,Lng=N/A,Alt=N/A,Ax=-995.28,Ay=-5.00,Az=-41.24,Gx=70.00,Gy=-560.00,Gz=0.00,T=37,H=61,SAT=0,VBAT=8.152,VSOLAR=0.337,V3V3=3.352,V5V=5.000,V3V3EF=3.358,TS=0.295,EPS=0.304"
,2025-09-21T00:50:05Z,COM6,,UTC=31:59:46,N/A,N/A,N/A,8.169,0.389,3.347,5.000,3.358,0.287,0.288,37,61,SAT=0,-995.15,-5.00,-41.48,-17.50,-542.50,-35.00,,"Package=7,UTC=31:59:46,Lat=N/A,Lng=N/A,Alt=N/A,Ax=-995.15,Ay=-5.00,Az=-41.48,Gx=-17.50,Gy=-542.50,Gz=-35.00,T=37,H=61,SAT=0,VBAT=8.169,VSOLAR=0.389,V3V3=3.347,V5V=5.000,V3V3EF=3.358,TS=0.288,EPS=0.287"
,2025-09-21T00:50:06Z,COM6,,UTC=31:59:47,N/A,N/A,N/A,8.151,0.384,3.346,5.000,3.360,0.305,0.317,37,61,SAT=0,-995.28,-5.12,-41.11,52.50,-542.50,17.50,,"Package=8,UTC=31:59:47,Lat=N/A,Lng=N/A,Alt=N/A,Ax=-995.28,Ay=-5.12,Az=-41.11,Gx=52.50,Gy=-542.50,Gz=17.50,T=37,H=61,SAT=0,VBAT=8.151,VSOLAR=0.384,V3V3=3.346,V5V=5.000,V3V3EF=3.360,TS=0.317,EPS=0.305"
,2025-09-21T00:50:07Z,COM6,,UTC=31:59:48,N/A,N/A,N/A,8.168,0.396,3.355,5.000,3.358,0.288,0.302,37,61,SAT=0,-995.28,-5.12,-41.36,-35.00,-630.00,0.00,,"Package=9,UTC=31:59:48,Lat=N/A,Lng=N/A,Alt=N/A,Ax=-995.28,Ay=-5.12,Az=-41.36,Gx=-35.00,Gy=-630.00,Gz=0.00,T=37,H=61,SAT=0,VBAT=8.168,VSOLAR=0.396,V3V3=3.355,V5V=5.000,V3V3EF=3.358,TS=0.302,EPS=0.288"
,2025-09-21T00:50:08Z,COM6,,UTC=31:59:49,N/A,N/A,N/A,8.169,0.378,3.352,5.000,3.359,0.28,0.297,37,61,SAT=0,-995.15,-5.00,-41.60,-70.00,-577.50,0.00,,"Package=10,UTC=31:59:49,Lat=N/A,Lng=N/A,Alt=N/A,Ax=-995.15,Ay=-5.00,Az=-41.60,Gx=-70.00,Gy=-577.50,Gz=0.00,T=37,H=61,SAT=0,VBAT=8.169,VSOLAR=0.378,V3V3=3.352,V5V=5.000,V3V3EF=3.359,TS=0.297,EPS=0.28"
,2025-09-21T00:50:09Z,COM6,,UTC=31:59:50,N/A,N/A,N/A,8.165,0.369,3.353,5.000,3.357,0.,0.303,37,61,SAT=0,-995.28,-5.12,-41.36,17.50,-560.00,-17.50,,"Package=11,UTC=31:59:50,Lat=N/A,Lng=N/A,Alt=N/A,Ax=-995.28,Ay=-5.12,Az=-41.36,Gx=17.50,Gy=-560.00,Gz=-17.50,T=37,H=61,SAT=0,VBAT=8.165,VSOLAR=0.369,V3V3=3.353,V5V=5.000,V3V3EF=3.357,TS=0.303,EPS=0."
,2025-09-21T00:50:10Z,COM6,,UTC=31:59:51,N/A,N/A,N/A,8.174,0.356,3.354,5.000,3.355,0.,0.293,37,61,SAT=0,-995.15,-5.12,-41.36,52.50,-595.00,0.00,,"Package=12,UTC=31:59:51,Lat=N/A,Lng=N/A,Alt=N/A,Ax=-995.15,Ay=-5.12,Az=-41.36,Gx=52.50,Gy=-595.00,Gz=0.00,T=37,H=61,SAT=0,VBAT=8.174,VSOLAR=0.356,V3V3=3.354,V5V=5.000,V3V3EF=3.355,TS=0.293,EPS=0."
,2025-09-21T00:50:12Z,COM6,,UTC=31:59:52,N/A,N/A,N/A,8.177,0.419,3.355,5.000,3.354,,0.316,37,61,SAT=0,-995.03,-4.88,-41.48,-35.00,-612.50,-87.50,,"Package=13,UTC=31:59:52,Lat=N/A,Lng=N/A,Alt=N/A,Ax=-995.03,Ay=-4.88,Az=-41.48,Gx=-35.00,Gy=-612.50,Gz=-87.50,T=37,H=61,SAT=0,VBAT=8.177,VSOLAR=0.419,V3V3=3.355,V5V=5.000,V3V3EF=3.354,TS=0.316,EPS"
,2025-09-21T00:50:13Z,COM6,,UTC=31:59:53,N/A,N/A,N/A,8.175,0.417,3.355,5.000,3.353,,0.316,37,61,SAT=0,-995.15,-4.88,-41.24,17.50,-595.00,0.00,,"Package=14,UTC=31:59:53,Lat=N/A,Lng=N/A,Alt=N/A,Ax=-995.15,Ay=-4.88,Az=-41.24,Gx=17.50,Gy=-595.00,Gz=0.00,T=37,H=61,SAT=0,VBAT=8.175,VSOLAR=0.417,V3V3=3.355,V5V=5.000,V3V3EF=3.353,TS=0.316,EPS"
,2025-09-21T00:50:14Z,COM6,,UTC=31:59:54,N/A,N/A,N/A,8.153,0.327,3.358,5.000,3.357,,0.305,38,61,SAT=0,-995.28,-4.88,-41.60,17.50,-542.50,17.50,,"Package=15,UTC=31:59:54,Lat=N/A,Lng=N/A,Alt=N/A,Ax=-995.28,Ay=-4.88,Az=-41.60,Gx=17.50,Gy=-542.50,Gz=17.50,T=38,H=61,SAT=0,VBAT=8.153,VSOLAR=0.327,V3V3=3.358,V5V=5.000,V3V3EF=3.357,TS=0.305,EP"
,2025-09-21T00:50:15Z,COM6,,UTC=31:59:55,N/A,N/A,N/A,8.158,0.370,3.355,5.000,3.358,,0.314,38,61,SAT=0,-995.28,-4.76,-41.24,35.00,-630.00,-87.50,,"Package=16,UTC=31:59:55,Lat=N/A,Lng=N/A,Alt=N/A,Ax=-995.28,Ay=-4.76,Az=-41.24,Gx=35.00,Gy=-630.00,Gz=-87.50,T=38,H=61,SAT=0,VBAT=8.158,VSOLAR=0.370,V3V3=3.355,V5V=5.000,V3V3EF=3.358,TS=0.314,"
,2025-09-21T00:50:16Z,COM6,,UTC=8:50:9,N/A,N/A,N/A,8.171,0.381,3.359,5.000,3.358,,0.299,38,61,SAT=0,-995.03,-4.88,-41.60,17.50,-595.00,-52.50,,"Package=17,UTC=8:50:9,Lat=N/A,Lng=N/A,Alt=N/A,Ax=-995.03,Ay=-4.88,Az=-41.60,Gx=17.50,Gy=-595.00,Gz=-52.50,T=38,H=61,SAT=0,VBAT=8.171,VSOLAR=0.381,V3V3=3.359,V5V=5.000,V3V3EF=3.358,TS=0.299,"
,2025-09-21T00:50:17Z,COM6,,UTC=8:50:10,N/A,N/A,N/A,8.167,0.368,3.360,5.000,3.357,,0.300,38,61,SAT=0,-995.15,-4.88,-41.48,0.00,-560.00,35.00,,"Package=18,UTC=8:50:10,Lat=N/A,Lng=N/A,Alt=N/A,Ax=-995.15,Ay=-4.88,Az=-41.48,Gx=0.00,Gy=-560.00,Gz=35.00,T=38,H=61,SAT=0,VBAT=8.167,VSOLAR=0.368,V3V3=3.360,V5V=5.000,V3V3EF=3.357,TS=0.300,E"
,2025-09-21T00:50:18Z,COM6,,UTC=8:50:10,N/A,N/A,N/A,8.171,0.405,3.357,5.000,3.358,,0.299,38,61,SAT=0,-995.15,-5.12,-41.36,0.00,-560.00,-35.00,,"Package=19,UTC=8:50:10,Lat=N/A,Lng=N/A,Alt=N/A,Ax=-995.15,Ay=-5.12,Az=-41.36,Gx=0.00,Gy=-560.00,Gz=-35.00,T=38,H=61,SAT=0,VBAT=8.171,VSOLAR=0.405,V3V3=3.357,V5V=5.000,V3V3EF=3.358,TS=0.299,E"
,2025-09-21T00:50:20Z,COM6,,UTC=8:50:10,N/A,N/A,N/A,8.182,0.383,3.353,5.000,3.354,,0.305,38,61,SAT=0,-995.40,-5.12,-41.60,105.00,-612.50,-35.00,,"Package=20,UTC=8:50:10,Lat=N/A,Lng=N/A,Alt=N/A,Ax=-995.40,Ay=-5.12,Az=-41.60,Gx=105.00,Gy=-612.50,Gz=-35.00,T=38,H=61,SAT=0,VBAT=8.182,VSOLAR=0.383,V3V3=3.353,V5V=5.000,V3V3EF=3.354,TS=0.305"
,2025-09-21T00:50:21Z,COM6,,UTC=8:50:10,N/A,N/A,N/A,8.184,0.425,3.355,5.000,3.353,,0.295,38,61,SAT=0,-995.03,-5.00,-41.60,0.00,-595.00,-35.00,,"Package=21,UTC=8:50:10,Lat=N/A,Lng=N/A,Alt=N/A,Ax=-995.03,Ay=-5.00,Az=-41.60,Gx=0.00,Gy=-595.00,Gz=-35.00,T=38,H=61,SAT=0,VBAT=8.184,VSOLAR=0.425,V3V3=3.355,V5V=5.000,V3V3EF=3.353,TS=0.295"
,2025-09-21T00:50:22Z,COM6,,UTC=8:50:10,N/A,N/A,N/A,8.170,0.385,3.350,5.000,3.353,,0.309,38,61,SAT=0,-995.15,-5.00,-41.72,52.50,-647.50,17.50,,"Package=22,UTC=8:50:10,Lat=N/A,Lng=N/A,Alt=N/A,Ax=-995.15,Ay=-5.00,Az=-41.72,Gx=52.50,Gy=-647.50,Gz=17.50,T=38,H=61,SAT=0,VBAT=8.170,VSOLAR=0.385,V3V3=3.350,V5V=5.000,V3V3EF=3.353,TS=0.309"
,2025-09-21T00:50:23Z,COM6,,UTC=8:50:10,N/A,N/A,N/A,8.153,0.349,3.354,5.000,3.352,,0.310,38,61,SAT=0,-995.28,-4.88,-41.72,0.00,-612.50,-17.50,,"Package=23,UTC=8:50:10,Lat=N/A,Lng=N/A,Alt=N/A,Ax=-995.28,Ay=-4.88,Az=-41.72,Gx=0.00,Gy=-612.50,Gz=-17.50,T=38,H=61,SAT=0,VBAT=8.153,VSOLAR=0.349,V3V3=3.354,V5V=5.000,V3V3EF=3.352,TS=0.310"
,2025-09-21T00:50:24Z,COM6,,UTC=8:50:10,N/A,N/A,N/A,8.186,0.417,3.352,5.000,3.350,,0.28,38,61,SAT=0,-995.28,-4.88,-41.36,17.50,-560.00,-52.50,,"Package=24,UTC=8:50:10,Lat=N/A,Lng=N/A,Alt=N/A,Ax=-995.28,Ay=-4.88,Az=-41.36,Gx=17.50,Gy=-560.00,Gz=-52.50,T=38,H=61,SAT=0,VBAT=8.186,VSOLAR=0.417,V3V3=3.352,V5V=5.000,V3V3EF=3.350,TS=0.28"
,2025-09-21T00:50:25Z,COM6,,UTC=8:50:10,N/A,N/A,N/A,8.184,0.420,3.352,5.000,3.353,,0.28,38,61,SAT=0,-994.91,-5.00,-41.72,35.00,-525.00,17.50,,"Package=25,UTC=8:50:10,Lat=N/A,Lng=N/A,Alt=N/A,Ax=-994.91,Ay=-5.00,Az=-41.72,Gx=35.00,Gy=-525.00,Gz=17.50,T=38,H=61,SAT=0,VBAT=8.184,VSOLAR=0.420,V3V3=3.352,V5V=5.000,V3V3EF=3.353,TS=0.28"
,2025-09-21T00:50:29Z,COM6,,UTC=NO_TIME,N/A,N/A,N/A,8.276,0.157,3.330,5.000,3.330,0.08,0.098,,68,SAT=0,-595.12,445.91,634.16,-28875.00,-42087.50,193T=38,,"Package=1,UTC=NO_TIME,Lat=N/A,Lng=N/A,Alt=N/A,Ax=-595.12,Ay=445.91,Az=634.16,Gx=-28875.00,Gy=-42087.50,Gz=193T=38,H=68,SAT=0,VBAT=8.276,VSOLAR=0.157,V3V3=3.330,V5V=5.000,V3V3EF=3.330,TS=0.098,EPS=0.08"
,2025-09-21T00:50:30Z,COM6,,UTC=NO_TIME,N/A,N/A,N/A,8.154,0.385,3.350,5.000,3.350,0,0.313,,61,SAT=0,81.50,92.48,1082.26,13597.50,5390.00,-2800.00T=38,,"Package=2,UTC=NO_TIME,Lat=N/A,Lng=N/A,Alt=N/A,Ax=81.50,Ay=92.48,Az=1082.26,Gx=13597.50,Gy=5390.00,Gz=-2800.00T=38,H=61,SAT=0,VBAT=8.154,VSOLAR=0.385,V3V3=3.350,V5V=5.000,V3V3EF=3.350,TS=0.313,EPS=0"
,2025-09-21T00:50:31Z,COM6,,UTC=NO_TIME,N/A,N/A,N/A,8.335,0.179,3.348,5.000,3.349,,0.144,,61,SAT=0,58.93,97.11,967.46,-4480.00,30677.50,24587.50T=38,,"Package=3,UTC=NO_TIME,Lat=N/A,Lng=N/A,Alt=N/A,Ax=58.93,Ay=97.11,Az=967.46,Gx=-4480.00,Gy=30677.50,Gz=24587.50T=38,H=61,SAT=0,VBAT=8.335,VSOLAR=0.179,V3V3=3.348,V5V=5.000,V3V3EF=3.349,TS=0.144,EP"
,2025-09-21T00:50:33Z,COM6,,UTC=NO_TIME,N/A,N/A,N/A,8.334,0.178,3.348,5.000,3.352,,0.126,,61,SAT=0,-99.19,-29.65,1016.87,-25007.50,10657.50,4268T=38,,"Package=4,UTC=NO_TIME,Lat=N/A,Lng=N/A,Alt=N/A,Ax=-99.19,Ay=-29.65,Az=1016.87,Gx=-25007.50,Gy=10657.50,Gz=4268T=38,H=61,SAT=0,VBAT=8.334,VSOLAR=0.178,V3V3=3.348,V5V=5.000,V3V3EF=3.352,TS=0.126"
,2025-09-21T00:50:34Z,COM6,,UTC=NO_TIME,N/A,N/A,N/A,8.323,0.135,3.348,5.000,3.352,,0.,,61,SAT=0,48.68,-65.15,1006.26,-6405.00,-980.00,60200.0T=38,,"Package=5,UTC=NO_TIME,Lat=N/A,Lng=N/A,Alt=N/A,Ax=48.68,Ay=-65.15,Az=1006.26,Gx=-6405.00,Gy=-980.00,Gz=60200.0T=38,H=61,SAT=0,VBAT=8.323,VSOLAR=0.135,V3V3=3.348,V5V=5.000,V3V3EF=3.352,TS=0."
,2025-09-21T00:50:35Z,COM6,,UTC=NO_TIME,N/A,N/A,N/A,8.309,0.175,3.350,5.000,3.349,,,,61,SAT=0,-36.60,-22.57,1036.51,-1522.50,910.00,9800.00T=38,,"Package=6,UTC=NO_TIME,Lat=N/A,Lng=N/A,Alt=N/A,Ax=-36.60,Ay=-22.57,Az=1036.51,Gx=-1522.50,Gy=910.00,Gz=9800.00T=38,H=61,SAT=0,VBAT=8.309,VSOLAR=0.175,V3V3=3.350,V5V=5.000,V3V3EF=3.349,TS"
,2025-09-21T00:50:36Z,COM6,,UTC=NO_TIME,N/A,N/A,N/A,8.302,0.165,3.350,5.000,3.347,,,,63,SAT=0,2.07,-9.27,1014.06,-2450.00,1120.00,-12040.00T=38,,"Package=7,UTC=NO_TIME,Lat=N/A,Lng=N/A,Alt=N/A,Ax=2.07,Ay=-9.27,Az=1014.06,Gx=-2450.00,Gy=1120.00,Gz=-12040.00T=38,H=63,SAT=0,VBAT=8.302,VSOLAR=0.165,V3V3=3.350,V5V=5.000,V3V3EF=3.347"
,2025-09-21T00:50:37Z,COM6,,UTC=NO_TIME,N/A,N/A,N/A,8.301,0.177,3.350,5.000,3.34,,,38,63,SAT=0,13.18,-1.71,1011.50,-105.00,-630.00,-35.00,,"Package=8,UTC=NO_TIME,Lat=N/A,Lng=N/A,Alt=N/A,Ax=13.18,Ay=-1.71,Az=1011.50,Gx=-105.00,Gy=-630.00,Gz=-35.00,T=38,H=63,SAT=0,VBAT=8.301,VSOLAR=0.177,V3V3=3.350,V5V=5.000,V3V3EF=3.34"
,2025-09-21T00:50:38Z,COM6,,UTC=NO_TIME,N/A,N/A,N/A,8.298,0.210,3.350,5.000,3.349,,,38,62,SAT=0,13.18,-2.32,1006.62,-52.50,-630.00,52.50,,"Package=9,UTC=NO_TIME,Lat=N/A,Lng=N/A,Alt=N/A,Ax=13.18,Ay=-2.32,Az=1006.62,Gx=-52.50,Gy=-630.00,Gz=52.50,T=38,H=62,SAT=0,VBAT=8.298,VSOLAR=0.210,V3V3=3.350,V5V=5.000,V3V3EF=3.349"
,2025-09-21T00:50:39Z,COM6,,UTC=NO_TIME,N/A,N/A,N/A,8.296,0.213,3.348,5.000,3.352,,,38,62,SAT=0,13.18,-2.32,1006.87,0.00,-612.50,-35.00,,"Package=10,UTC=NO_TIME,Lat=N/A,Lng=N/A,Alt=N/A,Ax=13.18,Ay=-2.32,Az=1006.87,Gx=0.00,Gy=-612.50,Gz=-35.00,T=38,H=62,SAT=0,VBAT=8.296,VSOLAR=0.213,V3V3=3.348,V5V=5.000,V3V3EF=3.352,"
,2025-09-21T00:50:41Z,COM6,,UTC=NO_TIME,N/A,N/A,N/A,8.296,0.200,3.348,5.000,3.352,,,38,62,SAT=0,13.05,-2.20,1006.74,-17.50,-665.00,-17.50,,"Package=11,UTC=NO_TIME,Lat=N/A,Lng=N/A,Alt=N/A,Ax=13.05,Ay=-2.20,Az=1006.74,Gx=-17.50,Gy=-665.00,Gz=-17.50,T=38,H=62,SAT=0,VBAT=8.296,VSOLAR=0.200,V3V3=3.348,V5V=5.000,V3V3EF=3.352"
,2025-09-21T00:50:42Z,COM6,,UTC=NO_TIME,N/A,N/A,N/A,8.301,0.226,3.352,5.000,3.360,,,38,62,SAT=0,13.18,-1.95,1006.74,-52.50,-647.50,52.50,,"Package=12,UTC=NO_TIME,Lat=N/A,Lng=N/A,Alt=N/A,Ax=13.18,Ay=-1.95,Az=1006.74,Gx=-52.50,Gy=-647.50,Gz=52.50,T=38,H=62,SAT=0,VBAT=8.301,VSOLAR=0.226,V3V3=3.352,V5V=5.000,V3V3EF=3.360"
,2025-09-21T00:50:43Z,COM6,,UTC=NO_TIME,N/A,N/A,N/A,8.285,0.183,3.343,5.000,3.352,,,38,62,SAT=0,13.05,-2.20,1009.67,0.00,-665.00,0.00,,"Package=13,UTC=NO_TIME,Lat=N/A,Lng=N/A,Alt=N/A,Ax=13.05,Ay=-2.20,Az=1009.67,Gx=0.00,Gy=-665.00,Gz=0.00,T=38,H=62,SAT=0,VBAT=8.285,VSOLAR=0.183,V3V3=3.343,V5V=5.000,V3V3EF=3.352,TS"
,2025-09-21T00:50:44Z,COM6,,UTC=NO_TIME,N/A,N/A,N/A,8.291,0.184,3.352,5.000,3.355,,,38,62,SAT=0,13.05,-1.46,1011.14,-105.00,-682.50,17.50,,"Package=14,UTC=NO_TIME,Lat=N/A,Lng=N/A,Alt=N/A,Ax=13.05,Ay=-1.46,Az=1011.14,Gx=-105.00,Gy=-682.50,Gz=17.50,T=38,H=62,SAT=0,VBAT=8.291,VSOLAR=0.184,V3V3=3.352,V5V=5.000,V3V3EF=3.355,T"
,2025-09-21T00:50:45Z,COM6,,UTC=NO_TIME,N/A,N/A,N/A,8.291,0.192,3.346,5.000,3.344,,,38,62,SAT=0,12.81,-1.46,1013.21,-35.00,-612.50,17.50,,"Package=15,UTC=NO_TIME,Lat=N/A,Lng=N/A,Alt=N/A,Ax=12.81,Ay=-1.46,Az=1013.21,Gx=-35.00,Gy=-612.50,Gz=17.50,T=38,H=62,SAT=0,VBAT=8.291,VSOLAR=0.192,V3V3=3.346,V5V=5.000,V3V3EF=3.344,T"
,2025-09-21T00:50:46Z,COM6,,UTC=NO_TIME,N/A,N/A,N/A,8.314,0.245,3.355,5.000,3.358,,,38,62,SAT=0,12.93,-1.95,1009.67,-52.50,-630.00,17.50,,"Package=16,UTC=NO_TIME,Lat=N/A,Lng=N/A,Alt=N/A,Ax=12.93,Ay=-1.95,Az=1009.67,Gx=-52.50,Gy=-630.00,Gz=17.50,T=38,H=62,SAT=0,VBAT=8.314,VSOLAR=0.245,V3V3=3.355,V5V=5.000,V3V3EF=3.358,T"
,2025-09-21T00:50:47Z,COM6,,UTC=NO_TIME,N/A,N/A,N/A,8.313,0.182,3.347,5.000,3.348,,,38,62,SAT=0,13.05,-1.46,1012.11,-87.50,-577.50,17.50,,"Package=17,UTC=NO_TIME,Lat=N/A,Lng=N/A,Alt=N/A,Ax=13.05,Ay=-1.46,Az=1012.11,Gx=-87.50,Gy=-577.50,Gz=17.50,T=38,H=62,SAT=0,VBAT=8.313,VSOLAR=0.182,V3V3=3.347,V5V=5.000,V3V3EF=3.348,T"
,2025-09-21T00:50:49Z,COM6,,UTC=NO_TIME,N/A,N/A,N/A,8.317,0.234,3.352,5.000,3.358,,,38,62,SAT=0,13.05,-1.22,1013.82,35.00,-577.50,-35.00,,"Package=18,UTC=NO_TIME,Lat=N/A,Lng=N/A,Alt=N/A,Ax=13.05,Ay=-1.22,Az=1013.82,Gx=35.00,Gy=-577.50,Gz=-35.00,T=38,H=62,SAT=0,VBAT=8.317,VSOLAR=0.234,V3V3=3.352,V5V=5.000,V3V3EF=3.358,T"
,2025-09-21T00:50:50Z,COM6,,UTC=NO_TIME,N/A,N/A,N/A,8.298,0.202,3.353,5.000,3.344,,,38,62,SAT=0,13.05,-1.22,1013.94,-35.00,-595.00,-17.50,,"Package=19,UTC=NO_TIME,Lat=N/A,Lng=N/A,Alt=N/A,Ax=13.05,Ay=-1.22,Az=1013.94,Gx=-35.00,Gy=-595.00,Gz=-17.50,T=38,H=62,SAT=0,VBAT=8.298,VSOLAR=0.202,V3V3=3.353,V5V=5.000,V3V3EF=3.344,"
,2025-09-21T00:50:51Z,COM6,,UTC=NO_TIME,N/A,N/A,N/A,8.286,0.187,3.353,5.000,3.349,,,38,62,SAT=0,13.05,-1.10,1014.43,-35.00,-665.00,0.00,,"Package=20,UTC=NO_TIME,Lat=N/A,Lng=N/A,Alt=N/A,Ax=13.05,Ay=-1.10,Az=1014.43,Gx=-35.00,Gy=-665.00,Gz=0.00,T=38,H=62,SAT=0,VBAT=8.286,VSOLAR=0.187,V3V3=3.353,V5V=5.000,V3V3EF=3.349,T"
,2025-09-21T00:50:52Z,COM6,,UTC=NO_TIME,N/A,N/A,N/A,8.293,0.176,3.354,5.000,3.348,,,38,62,SAT=0,13.18,-1.22,1015.28,-35.00,-665.00,0.00,,"Package=21,UTC=NO_TIME,Lat=N/A,Lng=N/A,Alt=N/A,Ax=13.18,Ay=-1.22,Az=1015.28,Gx=-35.00,Gy=-665.00,Gz=0.00,T=38,H=62,SAT=0,VBAT=8.293,VSOLAR=0.176,V3V3=3.354,V5V=5.000,V3V3EF=3.348,TS"
,2025-09-21T00:50:53Z,COM6,,UTC=NO_TIME,N/A,N/A,N/A,8.315,0.230,3.350,5.000,3.348,,,38,62,SAT=0,13.30,-1.10,1014.80,-87.50,-630.00,17.50,,"Package=22,UTC=NO_TIME,Lat=N/A,Lng=N/A,Alt=N/A,Ax=13.30,Ay=-1.10,Az=1014.80,Gx=-87.50,Gy=-630.00,Gz=17.50,T=38,H=62,SAT=0,VBAT=8.315,VSOLAR=0.230,V3V3=3.350,V5V=5.000,V3V3EF=3.348,TS"
,2025-09-21T00:50:54Z,COM6,,UTC=NO_TIME,N/A,N/A,N/A,8.301,0.202,3.352,5.000,3.349,,,38,62,SAT=0,13.05,-1.10,1014.55,-35.00,-665.00,52.50,,"Package=23,UTC=NO_TIME,Lat=N/A,Lng=N/A,Alt=N/A,Ax=13.05,Ay=-1.10,Az=1014.55,Gx=-35.00,Gy=-665.00,Gz=52.50,T=38,H=62,SAT=0,VBAT=8.301,VSOLAR=0.202,V3V3=3.352,V5V=5.000,V3V3EF=3.349,TS"
,2025-09-21T00:50:55Z,COM6,,UTC=NO_TIME,N/A,N/A,N/A,8.283,0.170,3.350,5.000,3.353,,,38,62,SAT=0,13.05,-1.59,1012.60,-70.00,-630.00,17.50,,"Package=24,UTC=NO_TIME,Lat=N/A,Lng=N/A,Alt=N/A,Ax=13.05,Ay=-1.59,Az=1012.60,Gx=-70.00,Gy=-630.00,Gz=17.50,T=38,H=62,SAT=0,VBAT=8.283,VSOLAR=0.170,V3V3=3.350,V5V=5.000,V3V3EF=3.353,TS"
,2025-09-21T00:50:57Z,COM6,,UTC=NO_TIME,N/A,N/A,N/A,8.297,0.220,3.349,5.000,3.350,,,38,62,SAT=0,13.05,-1.83,1011.38,-70.00,-630.00,17.50,,"Package=25,UTC=NO_TIME,Lat=N/A,Lng=N/A,Alt=N/A,Ax=13.05,Ay=-1.83,Az=1011.38,Gx=-70.00,Gy=-630.00,Gz=17.50,T=38,H=62,SAT=0,VBAT=8.297,VSOLAR=0.220,V3V3=3.349,V5V=5.000,V3V3EF=3.350,TS"
,2025-09-21T00:50:58Z,COM6,,UTC=NO_TIME,N/A,N/A,N/A,8.303,0.207,3.347,5.000,3.352,,,38,62,SAT=0,13.05,-1.95,1010.04,-17.50,-595.00,17.50,,"Package=26,UTC=NO_TIME,Lat=N/A,Lng=N/A,Alt=N/A,Ax=13.05,Ay=-1.95,Az=1010.04,Gx=-17.50,Gy=-595.00,Gz=17.50,T=38,H=62,SAT=0,VBAT=8.303,VSOLAR=0.207,V3V3=3.347,V5V=5.000,V3V3EF=3.352,TS"
,2025-09-21T00:50:59Z,COM6,,UTC=NO_TIME,N/A,N/A,N/A,8.300,0.222,3.342,5.000,3.354,,,38,62,SAT=0,13.18,-1.59,1011.62,-70.00,-647.50,-17.50,,"Package=27,UTC=NO_TIME,Lat=N/A,Lng=N/A,Alt=N/A,Ax=13.18,Ay=-1.59,Az=1011.62,Gx=-70.00,Gy=-647.50,Gz=-17.50,T=38,H=62,SAT=0,VBAT=8.300,VSOLAR=0.222,V3V3=3.342,V5V=5.000,V3V3EF=3.354,T"
,2025-09-21T00:51:00Z,COM6,,UTC=NO_TIME,N/A,N/A,N/A,8.296,0.210,3.348,5.000,3.354,,,38,61,SAT=0,12.93,-1.46,1012.84,0.00,-682.50,35.00,,"Package=28,UTC=NO_TIME,Lat=N/A,Lng=N/A,Alt=N/A,Ax=12.93,Ay=-1.46,Az=1012.84,Gx=0.00,Gy=-682.50,Gz=35.00,T=38,H=61,SAT=0,VBAT=8.296,VSOLAR=0.210,V3V3=3.348,V5V=5.000,V3V3EF=3.354,TS="
,2025-09-21T00:51:01Z,COM6,,UTC=NO_TIME,N/A,N/A,N/A,8.302,0.225,3.355,5.000,3.354,,,38,61,SAT=0,13.05,-1.22,1014.55,-52.50,-665.00,87.50,,"Package=29,UTC=NO_TIME,Lat=N/A,Lng=N/A,Alt=N/A,Ax=13.05,Ay=-1.22,Az=1014.55,Gx=-52.50,Gy=-665.00,Gz=87.50,T=38,H=61,SAT=0,VBAT=8.302,VSOLAR=0.225,V3V3=3.355,V5V=5.000,V3V3EF=3.354,TS="
,2025-09-21T00:51:02Z,COM6,,UTC=NO_TIME,N/A,N/A,N/A,8.295,0.228,3.346,5.000,3.353,,0.,38,61,SAT=0,13.18,-1.22,1015.04,0.00,-560.00,70.00,,"Package=30,UTC=NO_TIME,Lat=N/A,Lng=N/A,Alt=N/A,Ax=13.18,Ay=-1.22,Az=1015.04,Gx=0.00,Gy=-560.00,Gz=70.00,T=38,H=61,SAT=0,VBAT=8.295,VSOLAR=0.228,V3V3=3.346,V5V=5.000,V3V3EF=3.353,TS=0."
,2025-09-21T00:51:03Z,COM6,,UTC=NO_TIME,N/A,N/A,N/A,8.300,0.238,3.350,5.000,3.354,,0,38,61,SAT=0,13.18,-1.10,1014.55,-122.50,-630.00,70.00,,"Package=31,UTC=NO_TIME,Lat=N/A,Lng=N/A,Alt=N/A,Ax=13.18,Ay=-1.10,Az=1014.55,Gx=-122.50,Gy=-630.00,Gz=70.00,T=38,H=61,SAT=0,VBAT=8.300,VSOLAR=0.238,V3V3=3.350,V5V=5.000,V3V3EF=3.354,TS=0"
,2025-09-21T00:51:05Z,COM6,,UTC=NO_TIME,N/A,N/A,N/A,8.301,0.229,3.352,5.000,3.353,,0,38,61,SAT=0,13.18,-1.46,1013.45,-17.50,-647.50,35.00,,"Package=32,UTC=NO_TIME,Lat=N/A,Lng=N/A,Alt=N/A,Ax=13.18,Ay=-1.46,Az=1013.45,Gx=-17.50,Gy=-647.50,Gz=35.00,T=38,H=61,SAT=0,VBAT=8.301,VSOLAR=0.229,V3V3=3.352,V5V=5.000,V3V3EF=3.353,TS=0"
,2025-09-21T00:51:06Z,COM6,,UTC=NO_TIME,N/A,N/A,N/A,8.281,0.174,3.350,5.000,3.350,,0,38,61,SAT=0,13.05,-1.34,1013.45,-70.00,-647.50,17.50,,"Package=33,UTC=NO_TIME,Lat=N/A,Lng=N/A,Alt=N/A,Ax=13.05,Ay=-1.34,Az=1013.45,Gx=-70.00,Gy=-647.50,Gz=17.50,T=38,H=61,SAT=0,VBAT=8.281,VSOLAR=0.174,V3V3=3.350,V5V=5.000,V3V3EF=3.350,TS=0"
,2025-09-21T00:51:07Z,COM6,,UTC=NO_TIME,N/A,N/A,N/A,8.296,0.229,3.346,5.000,3.350,,0.,38,61,SAT=0,12.93,-1.22,1014.31,-52.50,-647.50,0.00,,"Package=34,UTC=NO_TIME,Lat=N/A,Lng=N/A,Alt=N/A,Ax=12.93,Ay=-1.22,Az=1014.31,Gx=-52.50,Gy=-647.50,Gz=0.00,T=38,H=61,SAT=0,VBAT=8.296,VSOLAR=0.229,V3V3=3.346,V5V=5.000,V3V3EF=3.350,TS=0."
,2025-09-21T00:51:08Z,COM6,,UTC=NO_TIME,N/A,N/A,N/A,8.311,0.203,3.350,5.000,3.349,,0.,38,61,SAT=0,12.93,-1.34,1013.82,-17.50,-612.50,17.50,,"Package=35,UTC=NO_TIME,Lat=N/A,Lng=N/A,Alt=N/A,Ax=12.93,Ay=-1.34,Az=1013.82,Gx=-17.50,Gy=-612.50,Gz=17.50,T=38,H=61,SAT=0,VBAT=8.311,VSOLAR=0.203,V3V3=3.350,V5V=5.000,V3V3EF=3.349,TS=0."
,2025-09-21T00:51:09Z,COM6,,UTC=NO_TIME,N/A,N/A,N/A,8.314,0.221,3.350,5.000,3.344,,0.1,38,61,SAT=0,12.93,-1.83,1011.26,-35.00,-682.50,0.00,,"Package=36,UTC=NO_TIME,Lat=N/A,Lng=N/A,Alt=N/A,Ax=12.93,Ay=-1.83,Az=1011.26,Gx=-35.00,Gy=-682.50,Gz=0.00,T=38,H=61,SAT=0,VBAT=8.314,VSOLAR=0.221,V3V3=3.350,V5V=5.000,V3V3EF=3.344,TS=0.1"
,2025-09-21T00:51:10Z,COM6,,UTC=NO_TIME,N/A,N/A,N/A,8.307,0.213,3.352,5.000,3.350,,0.1,39,61,SAT=0,13.18,-1.46,1013.21,-17.50,-647.50,52.50,,"Package=37,UTC=NO_TIME,Lat=N/A,Lng=N/A,Alt=N/A,Ax=13.18,Ay=-1.46,Az=1013.21,Gx=-17.50,Gy=-647.50,Gz=52.50,T=39,H=61,SAT=0,VBAT=8.307,VSOLAR=0.213,V3V3=3.352,V5V=5.000,V3V3EF=3.350,TS=0.1"
,2025-09-21T00:51:11Z,COM6,,UTC=NO_TIME,N/A,N/A,N/A,8.314,0.204,3.352,5.000,3.350,,0.14,39,61,SAT=0,12.93,-1.22,1014.80,-52.50,-647.50,0.00,,"Package=38,UTC=NO_TIME,Lat=N/A,Lng=N/A,Alt=N/A,Ax=12.93,Ay=-1.22,Az=1014.80,Gx=-52.50,Gy=-647.50,Gz=0.00,T=39,H=61,SAT=0,VBAT=8.314,VSOLAR=0.204,V3V3=3.352,V5V=5.000,V3V3EF=3.350,TS=0.14"
,2025-09-21T00:51:13Z,COM6,,UTC=NO_TIME,N/A,N/A,N/A,8.296,0.167,3.350,5.000,3.350,,0.16,39,61,SAT=0,13.05,-1.10,1015.16,-35.00,-630.00,52.50,,"Package=39,UTC=NO_TIME,Lat=N/A,Lng=N/A,Alt=N/A,Ax=13.05,Ay=-1.10,Az=1015.16,Gx=-35.00,Gy=-630.00,Gz=52.50,T=39,H=61,SAT=0,VBAT=8.296,VSOLAR=0.167,V3V3=3.350,V5V=5.000,V3V3EF=3.350,TS=0.16"
,2025-09-21T00:51:13Z,COM6,,H=61,,,,8.300,0.217,3.346,5.000,3.354,0.156,0.161,,,SAT=0,,,,,,,,"Package=40,H=61,SAT=0,VBAT=8.300,VSOLAR=0.217,V3V3=3.346,V5V=5.000,V3V3EF=3.354,TS=0.161,EPS=0.156"
,2025-09-21T00:51:14Z,COM6,,UTC=NO_TIME,N/A,N/A,N/A,,,,,,,,,,,12.93,-1.10,1015.89,-70.00,,,,"Package=41,UTC=NO_TIME,Lat=N/A,Lng=N/A,Alt=N/A,Ax=12.93,Ay=-1.10,Az=1015.89,Gx=-70.00,G"
,2025-09-21T00:51:16Z,COM6,,UTC=NO_TIME,N/A,N/A,N/A,8.313,0.190,3.352,5.000,3.,,,39,61,SAT=0,12.81,-1.34,1015.16,-87.50,-647.50,35.00,,"Package=43,UTC=NO_TIME,Lat=N/A,Lng=N/A,Alt=N/A,Ax=12.81,Ay=-1.34,Az=1015.16,Gx=-87.50,Gy=-647.50,Gz=35.00,T=39,H=61,SAT=0,VBAT=8.313,VSOLAR=0.190,V3V3=3.352,V5V=5.000,V3V3EF=3."
,2025-09-21T00:51:17Z,COM6,,UTC=NO_TIME,N/A,N/A,N/A,8.284,0.182,3.353,5.000,3,,,39,61,SAT=0,12.81,-1.34,1015.04,-70.00,-612.50,-35.00,,"Package=44,UTC=NO_TIME,Lat=N/A,Lng=N/A,Alt=N/A,Ax=12.81,Ay=-1.34,Az=1015.04,Gx=-70.00,Gy=-612.50,Gz=-35.00,T=39,H=61,SAT=0,VBAT=8.284,VSOLAR=0.182,V3V3=3.353,V5V=5.000,V3V3EF=3"
,2025-09-21T00:51:21Z,COM6,,UTC=NO_TIME,N/A,N/A,N/A,8.313,0.192,3.352,5.000,3.,,,39,61,SAT=0,12.69,-1.71,1011.87,-35.00,-647.50,52.50,,"Package=47,UTC=NO_TIME,Lat=N/A,Lng=N/A,Alt=N/A,Ax=12.69,Ay=-1.71,Az=1011.87,Gx=-35.00,Gy=-647.50,Gz=52.50,T=39,H=61,SAT=0,VBAT=8.313,VSOLAR=0.192,V3V3=3.352,V5V=5.000,V3V3EF=3."
,2025-09-21T00:51:22Z,COM6,,UTC=NO_TIME,N/A,N/A,N/A,,,,,,,,,,,12.81,-1.34,1015.16,0.00,-647.50,,,"Package=49,UTC=NO_TIME,Lat=N/A,Lng=N/A,Alt=N/A,Ax=12.81,Ay=-1.34,Az=1015.16,Gx=0.00,Gy=-647.50,"
,2025-09-21T00:51:24Z,COM6,,UTC=NO_TIME,N/A,N/A,N/A,8.283,0.221,3.350,5.000,3.3,,,39,61,SAT=0,12.81,-1.59,1013.58,-35.00,-595.00,52.50,,"Package=51,UTC=NO_TIME,Lat=N/A,Lng=N/A,Alt=N/A,Ax=12.81,Ay=-1.59,Az=1013.58,Gx=-35.00,Gy=-595.00,Gz=52.50,T=39,H=61,SAT=0,VBAT=8.283,VSOLAR=0.221,V3V3=3.350,V5V=5.000,V3V3EF=3.3"
,2025-09-21T00:51:25Z,COM6,,UTC=NO_TIME,N/A,N/A,N/A,8.292,0.207,3.350,5.000,3.,,,39,61,SAT=0,12.81,-1.71,1014.06,-122.50,-560.00,17.50,,"Package=52,UTC=NO_TIME,Lat=N/A,Lng=N/A,Alt=N/A,Ax=12.81,Ay=-1.71,Az=1014.06,Gx=-122.50,Gy=-560.00,Gz=17.50,T=39,H=61,SAT=0,VBAT=8.292,VSOLAR=0.207,V3V3=3.350,V5V=5.000,V3V3EF=3."
,2025-09-21T00:51:26Z,COM6,,UTC=NO_TIME,N/A,N/A,N/A,8.297,0.204,3.347,5.000,3.35,,,39,61,SAT=0,12.81,-1.71,1014.67,52.50,-647.50,0.00,,"Package=53,UTC=NO_TIME,Lat=N/A,Lng=N/A,Alt=N/A,Ax=12.81,Ay=-1.71,Az=1014.67,Gx=52.50,Gy=-647.50,Gz=0.00,T=39,H=61,SAT=0,VBAT=8.297,VSOLAR=0.204,V3V3=3.347,V5V=5.000,V3V3EF=3.35"
,2025-09-21T00:51:28Z,COM6,,UTC=NO_TIME,N/A,N/A,N/A,8.293,0.232,3.349,5.000,3.354,,,39,61,SAT=0,12.69,-1.46,1014.55,-70.00,-647.50,0.00,,"Package=54,UTC=NO_TIME,Lat=N/A,Lng=N/A,Alt=N/A,Ax=12.69,Ay=-1.46,Az=1014.55,Gx=-70.00,Gy=-647.50,Gz=0.00,T=39,H=61,SAT=0,VBAT=8.293,VSOLAR=0.232,V3V3=3.349,V5V=5.000,V3V3EF=3.354"
,2025-09-21T00:51:29Z,COM6,,UTC=NO_TIME,N/A,N/A,N/A,8.291,0.216,3.346,5.000,3.354,,,39,61,SAT=0,12.69,-1.59,1014.06,-52.50,-665.00,70.00,,"Package=55,UTC=NO_TIME,Lat=N/A,Lng=N/A,Alt=N/A,Ax=12.69,Ay=-1.59,Az=1014.06,Gx=-52.50,Gy=-665.00,Gz=70.00,T=39,H=61,SAT=0,VBAT=8.291,VSOLAR=0.216,V3V3=3.346,V5V=5.000,V3V3EF=3.354"
,2025-09-21T00:51:30Z,COM6,,UTC=NO_TIME,N/A,N/A,N/A,,,,,,,,,,,12.81,-1.46,1014.67,-35.00,-612.50,-17.50,,"Package=57,UTC=NO_TIME,Lat=N/A,Lng=N/A,Alt=N/A,Ax=12.81,Ay=-1.46,Az=1014.67,Gx=-35.00,Gy=-612.50,Gz=-17.50"
,2025-09-21T00:51:32Z,COM6,,UTC=NO_TIME,N/A,N/A,N/A,8.298,0.199,3.350,5.000,3.,,,39,61,SAT=0,12.81,-1.46,1014.80,-52.50,-665.00,35.00,,"Package=59,UTC=NO_TIME,Lat=N/A,Lng=N/A,Alt=N/A,Ax=12.81,Ay=-1.46,Az=1014.80,Gx=-52.50,Gy=-665.00,Gz=35.00,T=39,H=61,SAT=0,VBAT=8.298,VSOLAR=0.199,V3V3=3.350,V5V=5.000,V3V3EF=3."
,2025-09-21T00:51:33Z,COM6,,UTC=NO_TIME,N/A,N/A,N/A,8.283,0.213,3.348,5.000,3.,,,39,61,SAT=0,12.69,-1.46,1015.16,17.50,-665.00,-17.50,,"Package=60,UTC=NO_TIME,Lat=N/A,Lng=N/A,Alt=N/A,Ax=12.69,Ay=-1.46,Az=1015.16,Gx=17.50,Gy=-665.00,Gz=-17.50,T=39,H=61,SAT=0,VBAT=8.283,VSOLAR=0.213,V3V3=3.348,V5V=5.000,V3V3EF=3."
,2025-09-21T00:51:34Z,COM6,,UTC=NO_TIME,N/A,N/A,N/A,8.280,0.186,3.350,5.000,3.,,,39,61,SAT=0,12.69,-1.71,1014.06,17.50,-595.00,-17.50,,"Package=61,UTC=NO_TIME,Lat=N/A,Lng=N/A,Alt=N/A,Ax=12.69,Ay=-1.71,Az=1014.06,Gx=17.50,Gy=-595.00,Gz=-17.50,T=39,H=61,SAT=0,VBAT=8.280,VSOLAR=0.186,V3V3=3.350,V5V=5.000,V3V3EF=3."
,2025-09-21T00:51:36Z,COM6,,UTC=NO_TIME,N/A,N/A,N/A,8.293,0.200,3.350,5.000,3.,,,39,61,SAT=0,12.57,-1.59,1014.06,-52.50,-577.50,35.00,,"Package=62,UTC=NO_TIME,Lat=N/A,Lng=N/A,Alt=N/A,Ax=12.57,Ay=-1.59,Az=1014.06,Gx=-52.50,Gy=-577.50,Gz=35.00,T=39,H=61,SAT=0,VBAT=8.293,VSOLAR=0.200,V3V3=3.350,V5V=5.000,V3V3EF=3."
,2025-09-21T00:51:38Z,COM6,,UTC=NO_TIME,N/A,N/A,N/A,,,,,,,,39,60,,12.93,-2.44,1011.01,17.50,-612.50,52.50,,"Package=65,UTC=NO_TIME,Lat=N/A,Lng=N/A,Alt=N/A,Ax=12.93,Ay=-2.44,Az=1011.01,Gx=17.50,Gy=-612.50,Gz=52.50,T=39,H=60,"
,2025-09-21T00:51:40Z,COM6,,UTC=NO_TIME,N/A,N/A,N/A,8.292,0.209,3.348,5.000,3.,,,39,60,SAT=0,12.69,-1.95,1011.38,-70.00,-647.50,52.50,,"Package=67,UTC=NO_TIME,Lat=N/A,Lng=N/A,Alt=N/A,Ax=12.69,Ay=-1.95,Az=1011.38,Gx=-70.00,Gy=-647.50,Gz=52.50,T=39,H=60,SAT=0,VBAT=8.292,VSOLAR=0.209,V3V3=3.348,V5V=5.000,V3V3EF=3."
,2025-09-21T00:51:41Z,COM6,,UTC=NO_TIME,N/A,N/A,N/A,8.278,0.219,3.348,5.000,3.,,,39,60,SAT=0,12.69,-2.07,1012.97,-87.50,-700.00,87.50,,"Package=68,UTC=NO_TIME,Lat=N/A,Lng=N/A,Alt=N/A,Ax=12.69,Ay=-2.07,Az=1012.97,Gx=-87.50,Gy=-700.00,Gz=87.50,T=39,H=60,SAT=0,VBAT=8.278,VSOLAR=0.219,V3V3=3.348,V5V=5.000,V3V3EF=3."
,2025-09-21T00:51:42Z,COM6,,UTC=NO_TIME,N/A,N/A,N/A,8.283,0.186,3.350,5.000,3.34,,,39,60,SAT=0,12.44,-1.71,1014.92,17.50,-630.00,0.00,,"Package=69,UTC=NO_TIME,Lat=N/A,Lng=N/A,Alt=N/A,Ax=12.44,Ay=-1.71,Az=1014.92,Gx=17.50,Gy=-630.00,Gz=0.00,T=39,H=60,SAT=0,VBAT=8.283,VSOLAR=0.186,V3V3=3.350,V5V=5.000,V3V3EF=3.34"
,2025-09-21T00:51:44Z,COM6,,UTC=NO_TIME,N/A,N/A,N/A,8.312,0.186,3.350,5.000,3.348,,,39,60,SAT=0,12.69,-1.95,1014.43,-35.00,-665.00,0.00,,"Package=70,UTC=NO_TIME,Lat=N/A,Lng=N/A,Alt=N/A,Ax=12.69,Ay=-1.95,Az=1014.43,Gx=-35.00,Gy=-665.00,Gz=0.00,T=39,H=60,SAT=0,VBAT=8.312,VSOLAR=0.186,V3V3=3.350,V5V=5.000,V3V3EF=3.348"
,2025-09-21T00:51:45Z,COM6,,V3=3.348,,,,,,,5.000,3.349,0.178,0.182,,,,,,,,,,,"Package=72,V3=3.348,V5V=5.000,V3V3EF=3.349,TS=0.182,EPS=0.178"
,2025-09-21T00:51:46Z,COM6,,UTC=NO_TIME,N/A,N/A,N/A,,,,,,,,39,60,SAT=0,12.69,-2.44,1009.31,17.50,-630.00,35.00,,"Package=73,UTC=NO_TIME,Lat=N/A,Lng=N/A,Alt=N/A,Ax=12.69,Ay=-2.44,Az=1009.31,Gx=17.50,Gy=-630.00,Gz=35.00,T=39,H=60,SAT=0,VBA"
,2025-09-21T00:51:48Z,COM6,,UTC=NO_TIME,N/A,N/A,N/A,8.280,0.222,3.348,5.000,3.,,,40,59,SAT=0,12.69,-1.71,1014.80,17.50,-630.00,-35.00,,"Package=75,UTC=NO_TIME,Lat=N/A,Lng=N/A,Alt=N/A,Ax=12.69,Ay=-1.71,Az=1014.80,Gx=17.50,Gy=-630.00,Gz=-35.00,T=40,H=59,SAT=0,VBAT=8.280,VSOLAR=0.222,V3V3=3.348,V5V=5.000,V3V3EF=3."
,2025-09-21T00:51:49Z,COM6,,UTC=NO_TIME,N/A,N/A,N/A,8.289,0.198,3.349,5.000,3.,,,40,59,SAT=0,12.69,-1.46,1015.65,-52.50,-682.50,52.50,,"Package=76,UTC=NO_TIME,Lat=N/A,Lng=N/A,Alt=N/A,Ax=12.69,Ay=-1.46,Az=1015.65,Gx=-52.50,Gy=-682.50,Gz=52.50,T=40,H=59,SAT=0,VBAT=8.289,VSOLAR=0.198,V3V3=3.349,V5V=5.000,V3V3EF=3."
,2025-09-21T00:51:50Z,COM6,,UTC=NO_TIME,N/A,N/A,N/A,8.289,0.214,3.349,5.000,3.,,,40,58,SAT=0,12.57,-1.71,1015.53,-52.50,-682.50,17.50,,"Package=77,UTC=NO_TIME,Lat=N/A,Lng=N/A,Alt=N/A,Ax=12.57,Ay=-1.71,Az=1015.53,Gx=-52.50,Gy=-682.50,Gz=17.50,T=40,H=58,SAT=0,VBAT=8.289,VSOLAR=0.214,V3V3=3.349,V5V=5.000,V3V3EF=3."
,2025-09-21T00:51:52Z,COM6,,UTC=NO_TIME,N/A,N/A,N/A,8.280,0.219,3.353,5.000,3.,,,40,58,SAT=0,12.57,-1.59,1015.53,-70.00,-665.00,52.50,,"Package=78,UTC=NO_TIME,Lat=N/A,Lng=N/A,Alt=N/A,Ax=12.57,Ay=-1.59,Az=1015.53,Gx=-70.00,Gy=-665.00,Gz=52.50,T=40,H=58,SAT=0,VBAT=8.280,VSOLAR=0.219,V3V3=3.353,V5V=5.000,V3V3EF=3."
,2025-09-21T00:51:53Z,COM6,,UTC=NO_TIMV=5.000,,,,,,,,3.352,0.173,0.155,,,,,,,,,,,"Package=80,UTC=NO_TIMV=5.000,V3V3EF=3.352,TS=0.155,EPS=0.173"
,2025-09-21T00:51:54Z,COM6,,UTC=NO_TIME,N/A,N/A,N/A,8.285,,,,,,,40,58,SAT=0,12.69,-1.46,1015.65,-52.50,-647.50,0.00,,"Package=81,UTC=NO_TIME,Lat=N/A,Lng=N/A,Alt=N/A,Ax=12.69,Ay=-1.46,Az=1015.65,Gx=-52.50,Gy=-647.50,Gz=0.00,T=40,H=58,SAT=0,VBAT=8.285,VSO"
,2025-09-21T00:51:56Z,COM6,,UTC=NO_TIME,N/A,N/A,N/A,8.313,0.179,3.352,5.000,3.353,,,40,58,SAT=0,12.57,-1.71,1015.41,0.00,-595.00,17.50,,"Package=83,UTC=NO_TIME,Lat=N/A,Lng=N/A,Alt=N/A,Ax=12.57,Ay=-1.71,Az=1015.41,Gx=0.00,Gy=-595.00,Gz=17.50,T=40,H=58,SAT=0,VBAT=8.313,VSOLAR=0.179,V3V3=3.352,V5V=5.000,V3V3EF=3.353,"
,2025-09-21T00:51:57Z,COM6,,UTC=NO_TIME,N/A,N/A,N/A,8.303,0.220,3.349,5.000,3.350,,,40,58,SAT=0,12.57,-1.71,1015.41,-52.50,-665.00,17.50,,"Package=84,UTC=NO_TIME,Lat=N/A,Lng=N/A,Alt=N/A,Ax=12.57,Ay=-1.71,Az=1015.41,Gx=-52.50,Gy=-665.00,Gz=17.50,T=40,H=58,SAT=0,VBAT=8.303,VSOLAR=0.220,V3V3=3.349,V5V=5.000,V3V3EF=3.350,"
,2025-09-21T00:51:58Z,COM6,,UTC=NO_TIME,N/A,N/A,N/A,8.281,0.163,3.350,5.000,3.348,,,40,58,SAT=0,12.57,-2.07,1012.84,-52.50,-665.00,17.50,,"Package=85,UTC=NO_TIME,Lat=N/A,Lng=N/A,Alt=N/A,Ax=12.57,Ay=-2.07,Az=1012.84,Gx=-52.50,Gy=-665.00,Gz=17.50,T=40,H=58,SAT=0,VBAT=8.281,VSOLAR=0.163,V3V3=3.350,V5V=5.000,V3V3EF=3.348,"
,2025-09-21T00:52:00Z,COM6,,UTC=NO_TIME,N/A,N/A,N/A,8.278,0.187,3.344,5.000,3.355,,,40,58,SAT=0,12.57,-2.20,1011.75,-87.50,-612.50,0.00,,"Package=86,UTC=NO_TIME,Lat=N/A,Lng=N/A,Alt=N/A,Ax=12.57,Ay=-2.20,Az=1011.75,Gx=-87.50,Gy=-612.50,Gz=0.00,T=40,H=58,SAT=0,VBAT=8.278,VSOLAR=0.187,V3V3=3.344,V5V=5.000,V3V3EF=3.355,T"
,2025-09-21T00:52:02Z,COM6,,UTC=NO_TIME,N/A,N/A,N/A,8.290,0.204,,,,,,40,58,SAT=0,12.44,-1.71,1015.65,-52.50,-682.50,0.00,,"Package=89,UTC=NO_TIME,Lat=N/A,Lng=N/A,Alt=N/A,Ax=12.44,Ay=-1.71,Az=1015.65,Gx=-52.50,Gy=-682.50,Gz=0.00,T=40,H=58,SAT=0,VBAT=8.290,VSOLAR=0.204,"
,2025-09-21T00:52:04Z,COM6,,UTC=NO_TIME,N/A,N/A,N/A,8.296,0.200,3.348,5.000,3,,,40,58,SAT=0,12.57,-1.71,1014.55,-70.00,-665.00,-17.50,,"Package=91,UTC=NO_TIME,Lat=N/A,Lng=N/A,Alt=N/A,Ax=12.57,Ay=-1.71,Az=1014.55,Gx=-70.00,Gy=-665.00,Gz=-17.50,T=40,H=58,SAT=0,VBAT=8.296,VSOLAR=0.200,V3V3=3.348,V5V=5.000,V3V3EF=3"
,2025-09-21T00:52:06Z,COM6,,UTC=NO_TIME,N/A,N/A,N/A,8.291,0.189,3.353,5.000,3.,,,41,58,SAT=0,12.57,-1.46,1016.02,-17.50,-612.50,35.00,,"Package=93,UTC=NO_TIME,Lat=N/A,Lng=N/A,Alt=N/A,Ax=12.57,Ay=-1.46,Az=1016.02,Gx=-17.50,Gy=-612.50,Gz=35.00,T=41,H=58,SAT=0,VBAT=8.291,VSOLAR=0.189,V3V3=3.353,V5V=5.000,V3V3EF=3."
,2025-09-21T00:52:08Z,COM6,,UTC=NO_TIME,N/A,N/A,N/A,8.281,0.188,3.350,5.000,3.,,,41,58,SAT=0,12.57,-1.59,1015.53,-35.00,-612.50,35.00,,"Package=94,UTC=NO_TIME,Lat=N/A,Lng=N/A,Alt=N/A,Ax=12.57,Ay=-1.59,Az=1015.53,Gx=-35.00,Gy=-612.50,Gz=35.00,T=41,H=58,SAT=0,VBAT=8.281,VSOLAR=0.188,V3V3=3.350,V5V=5.000,V3V3EF=3."
,2025-09-21T00:52:09Z,COM6,,UTC=NO,,,,,,,,,,,,,,,,,,,,,"Package=96,UTC=NO"
,2025-09-21T00:52:10Z,COM6,,UTC=NO_TIME,N/A,N/A,N/A,8.286,0.176,3.34,,,,,41,58,SAT=0,12.44,-2.68,1009.92,-35.00,-630.00,52.50,,"Package=97,UTC=NO_TIME,Lat=N/A,Lng=N/A,Alt=N/A,Ax=12.44,Ay=-2.68,Az=1009.92,Gx=-35.00,Gy=-630.00,Gz=52.50,T=41,H=58,SAT=0,VBAT=8.286,VSOLAR=0.176,V3V3=3.34"
,2025-09-21T00:52:12Z,COM6,,UTC=NO_TIME,N/A,N/A,N/A,8.281,0.208,3.324,5.000,,,,41,58,SAT=0,12.44,-2.20,1014.43,-122.50,-770.00,-17.50,,"Package=99,UTC=NO_TIME,Lat=N/A,Lng=N/A,Alt=N/A,Ax=12.44,Ay=-2.20,Az=1014.43,Gx=-122.50,Gy=-770.00,Gz=-17.50,T=41,H=58,SAT=0,VBAT=8.281,VSOLAR=0.208,V3V3=3.324,V5V=5.000,V3V3EF="
,2025-09-21T00:52:14Z,COM6,,UTC=NO_TIME,N/A,N/A,N/A,8.297,0.222,3.352,5.000,,,,41,58,SAT=0,12.32,-1.95,1014.43,-87.50,-630.00,-17.50,,"Package=101,UTC=NO_TIME,Lat=N/A,Lng=N/A,Alt=N/A,Ax=12.32,Ay=-1.95,Az=1014.43,Gx=-87.50,Gy=-630.00,Gz=-17.50,T=41,H=58,SAT=0,VBAT=8.297,VSOLAR=0.222,V3V3=3.352,V5V=5.000,V3V3EF="
,2025-09-21T00:52:17Z,COM6,,UTC=NO_TIME,,,,,,,,,,,,,,,,,,,,,"Package=104,UTC=NO_TIME,L"
,2025-09-21T00:52:18Z,COM6,,UTC=NO_TIME,N/A,N/A,N/A,8.290,0.194,3.353,,,,,40,58,SAT=0,12.32,-2.56,1012.23,-52.50,-612.50,-35.00,,"Package=105,UTC=NO_TIME,Lat=N/A,Lng=N/A,Alt=N/A,Ax=12.32,Ay=-2.56,Az=1012.23,Gx=-52.50,Gy=-612.50,Gz=-35.00,T=40,H=58,SAT=0,VBAT=8.290,VSOLAR=0.194,V3V3=3.353,V5V="
,2025-09-21T00:52:22Z,COM6,,UTC=NO_TIME,N/A,N/A,N/A,8.278,0.154,3.350,5.000,3,,,40,57,SAT=0,12.57,-2.07,1014.55,-70.00,-647.50,-52.50,,"Package=109,UTC=NO_TIME,Lat=N/A,Lng=N/A,Alt=N/A,Ax=12.57,Ay=-2.07,Az=1014.55,Gx=-70.00,Gy=-647.50,Gz=-52.50,T=40,H=57,SAT=0,VBAT=8.278,VSOLAR=0.154,V3V3=3.350,V5V=5.000,V3V3EF=3"
,2025-09-21T00:52:25Z,COM6,,UTC=NO_TIME,,,N/A,,,,,,,,,,,,,,,,,,"Package=112,UTC=NO_TIME,Lat=N/A,Lng"
,2025-09-21T00:52:26Z,COM6,,UTC=NO_TIME,N/A,N/A,N/A,8.291,0.211,3.339,5.000,3,,,41,57,SAT=0,12.44,-2.56,1011.62,-35.00,-682.50,0.00,,"Package=113,UTC=NO_TIME,Lat=N/A,Lng=N/A,Alt=N/A,Ax=12.44,Ay=-2.56,Az=1011.62,Gx=-35.00,Gy=-682.50,Gz=0.00,T=41,H=57,SAT=0,VBAT=8.291,VSOLAR=0.211,V3V3=3.339,V5V=5.000,V3V3EF=3"
,2025-09-21T00:52:29Z,COM6,,UTC=NO_TIME,N/A,N/A,N/A,8.293,0.216,3.342,5.000,3.,,,41,57,SAT=0,12.32,-2.68,1011.01,-52.50,-682.50,17.50,,"Package=116,UTC=NO_TIME,Lat=N/A,Lng=N/A,Alt=N/A,Ax=12.32,Ay=-2.68,Az=1011.01,Gx=-52.50,Gy=-682.50,Gz=17.50,T=41,H=57,SAT=0,VBAT=8.293,VSOLAR=0.216,V3V3=3.342,V5V=5.000,V3V3EF=3."
,2025-09-21T00:52:30Z,COM6,,UTC=NO_TIME,N/A,N/A,N/A,8.291,0.227,3.343,5.000,3,,,41,57,SAT=0,12.44,-2.68,1010.16,-35.00,-682.50,70.00,,"Package=117,UTC=NO_TIME,Lat=N/A,Lng=N/A,Alt=N/A,Ax=12.44,Ay=-2.68,Az=1010.16,Gx=-35.00,Gy=-682.50,Gz=70.00,T=41,H=57,SAT=0,VBAT=8.291,VSOLAR=0.227,V3V3=3.343,V5V=5.000,V3V3EF=3"
,2025-09-21T00:52:33Z,COM6,,UTC=NO_TIME,N/A,N/A,N/A,,,,,,,,,,,,,,,,,,"Package=120,UTC=NO_TIME,Lat=N/A,Lng=N/A,Alt=N/A"
,2025-09-21T00:52:36Z,COM6,,UTC=NO_TIME,N/A,N/A,N/A,8.292,0.199,3.350,5.000,3.3,,,41,58,SAT=0,12.32,-2.68,1011.99,-87.50,-647.50,17.50,,"Package=123,UTC=NO_TIME,Lat=N/A,Lng=N/A,Alt=N/A,Ax=12.32,Ay=-2.68,Az=1011.99,Gx=-87.50,Gy=-647.50,Gz=17.50,T=41,H=58,SAT=0,VBAT=8.292,VSOLAR=0.199,V3V3=3.350,V5V=5.000,V3V3EF=3.3"
,2025-09-21T00:52:37Z,COM6,,UTC=NO_TIME,N/A,N/A,N/A,8.295,0.207,3.352,5.000,3,,,41,58,SAT=0,12.32,-2.93,1011.62,-70.00,-647.50,-17.50,,"Package=124,UTC=NO_TIME,Lat=N/A,Lng=N/A,Alt=N/A,Ax=12.32,Ay=-2.93,Az=1011.62,Gx=-70.00,Gy=-647.50,Gz=-17.50,T=41,H=58,SAT=0,VBAT=8.295,VSOLAR=0.207,V3V3=3.352,V5V=5.000,V3V3EF=3"
,2025-09-21T00:52:41Z,COM6,,UTC=NO_TIME,N/A,N/A,N/A,,,,,,,,,,,12,,,,,,,"Package=128,UTC=NO_TIME,Lat=N/A,Lng=N/A,Alt=N/A,Ax=12"
,2025-09-21T00:52:44Z,COM6,,UTC=NO_TIME,N/A,N/A,N/A,8.280,0.230,3.346,5.000,3,,,41,58,SAT=0,12.44,-2.81,1010.65,-52.50,-665.00,35.00,,"Package=131,UTC=NO_TIME,Lat=N/A,Lng=N/A,Alt=N/A,Ax=12.44,Ay=-2.81,Az=1010.65,Gx=-52.50,Gy=-665.00,Gz=35.00,T=41,H=58,SAT=0,VBAT=8.280,VSOLAR=0.230,V3V3=3.346,V5V=5.000,V3V3EF=3"
